               epoch,      train/box_loss,      train/obj_loss,      train/cls_loss,   metrics/precision,      metrics/recall,     metrics/mAP_0.5,metrics/mAP_0.5:0.95,        val/box_loss,        val/obj_loss,        val/cls_loss,               x/lr0,               x/lr1,               x/lr2
                   0,            0.047195,            0.091115,            0.016446,             0.82678,             0.68739,             0.74908,             0.44989,            0.036697,            0.068661,            0.010977,            0.070006,           0.0033327,           0.0033327
                   1,            0.038435,            0.079437,            0.011162,             0.81538,              0.7491,             0.80275,              0.5373,            0.032726,            0.063356,            0.009244,             0.03994,              0.0066,              0.0066
                   2,            0.035553,            0.075617,           0.0096873,             0.84336,             0.77235,             0.83197,             0.57943,            0.030924,            0.060939,            0.008145,           0.0098081,           0.0098013,           0.0098013
                   3,            0.033393,            0.071514,           0.0086508,             0.86172,             0.78728,             0.85185,             0.60571,            0.029507,            0.058973,           0.0076486,            0.009703,            0.009703,            0.009703
